code,system
M101.11,readv2
M244.11,readv2
M118011,readv2
M263z00,readv2
M101.12,readv2
M263.00,readv2
M263100,readv2
M263200,readv2
M263300,readv2
Myu2000,readv2
M263000,readv2
M101.00,readv2
L21,readv2
M165100,readv2
M100.00,readv2
M165200,readv2
M118000,readv2
M118.00,readv2
M118z00,readv2
M15y300,readv2
62750.0,readv2
3069.0,readv2
7425.0,readv2
38493.0,readv2
45407.0,readv2
48473.0,readv2
35810.0,readv2
3453.0,readv2
57525.0,readv2
21266.0,readv2
6295.0,readv2
359.0,readv2
18970.0,readv2
2556.0,readv2
65283.0,readv2
48641.0,readv2
20150.0,readv2
653.0,readv2
3580.0,readv2